date,title
2025-05-16 10:45:51,BBVA instala 289 cargadores de vehículo eléctricos en sus sedes en España - Europa Press
2025-05-16 06:10:40,Los programas de voluntariado de Banco Santander ayudaron a más de 46.000 personas en España - Compromiso RSE
2025-05-16 01:21:48,"Bruselas da una buena acogida a la reducción de la regulación propuesta por el Banco de Italia, España, Alemania y Francia - El Español"
2025-05-15 04:46:14,El Banco de España señala a Sánchez ante el fracaso de los préstamos ICO: el Estado no respaldó el 80% - OkDiario
2025-05-15 10:10:45,"Los aeropuertos de Aena en España reciben un 6,3% más de pasajeros en abril - Hosteltur"
2025-05-16 02:45:00,Escrivá negocia con Cuerpo nuevos poderes para el Banco de España en la lucha antiblanqueo - Vozpópuli
2025-05-13 17:51:02,"El Banco de España lo avisa : si tienes un billete de 50 euros como este, mal asunto - El HuffPost"
2025-05-14 22:10:42,La Diputación negocia la compra del edificio de Correos y del Banco de España - Ideal
2025-04-14 05:16:01,BME Bolsas y Mercados Españoles - Bolsas y Mercados Españoles
2025-05-14 21:03:00,"El Banco de España ultima un ""proyecto estratégico"" inspirado en parte en la iniciativa del Bundesbank - PressDigital"
2025-04-12 07:00:00,La quiebra del Banco de España - Rubén Manso - Libre Mercado
2025-05-07 07:00:00,Confirmado por el Banco de España: los bancos bloquearán cuentas y tarjetas de crédito a todos los que no cumplan este requisito - Mundo Deportivo
2025-04-25 08:47:57,"CaixaBank, Mejor Banco en España y en Europa Occidental por su compromiso con la sociedad y su apuesta por la innovación - caixabank.com"
2025-05-15 16:32:40,Llegan nuevos billetes de euro: así serán según el Banco de España - MSN
2025-04-28 07:00:00,Los bancos reúnen a sus comités de crisis para monitorizar las consecuencias del apagón - EL PAÍS
2025-05-15 06:00:43,El cierre masivo de cuentas del banco ya ha empezado en España: el aviso de los expertos para librarte - OkDiario
2025-05-13 08:03:47,Estos son los billetes de 20 euros que no puedes usar: lo dice el Banco de España - Ideal
2025-04-30 07:00:00,Confirmado por el Banco de España: este es el dinero exacto que hay que tener si llega una emergencia - Mundo Deportivo
2025-05-15 05:00:53,Dónde es festivo en San Isidro: todas comunidades de España en las que el 15 de mayo es fiesta - OkDiario
2025-05-09 05:30:26,Confirmado por el Banco de España: estas son las razones por las que están bloqueando cuentas sin avisar - OkDiario
2025-05-15 12:28:16,Llegan nuevos billetes de euro: así serán según el Banco de España - LNE
2025-04-14 05:17:10,Qué es BME - Bolsas y Mercados Españoles
2025-03-31 11:39:34,Becas 2025 Banco de España – Museo del Prado - Museo del Prado
2025-05-08 14:30:27,Confirmado por el Banco de España: los bancos van a bloquear cuentas y tarjetas a los que no cumplan con este requisito - El HuffPost
2025-05-11 12:04:15,"El papa León XIV y su guiño a España en San Pedro: saludo especial a médicos de Granada, fieles de Valladolid y Torrelodones - 20Minutos"
2025-04-24 07:00:00,BBVA crea una unidad especializada de Banca Privada Internacional en España para clientes de alto patrimonio - BBVA
2025-05-08 07:00:00,"Banco de España y la CNMV se mantienen al margen del 'referéndum' lanzado por el Gobierno sobre la OPA de BBVA: ""No tenemos nada que decir"" - El Mundo"
2025-04-24 07:00:00,"BBVA abre en España su tercer hub de Banca Privada Internacional, tras EE.UU. y Suiza - Funds Society"
2025-05-07 12:00:36,"Un 20% de las empresas españolas ya utiliza la inteligencia artificial, según el Banco de España - RTVE.es"
2025-04-10 07:00:00,"Los pagos con tarjeta y móvil ganan terreno al uso del efectivo, según Banco de España - EL PAÍS"
2025-03-09 08:00:00,"El Banco de España, CaixaBank y BBVA revisan al alza sus previsiones económicas - Expansión"
2025-04-21 07:00:00,El oro del Banco de España que vendió Zapatero hace 18 años «por no ser rentable» valdría hoy seis veces más - El Debate
2025-04-08 12:51:20,"La Biblioteca del Banco de España, con José Luis Galán Cabilla - Comunidad de Madrid |"
2025-04-25 07:00:00,"Mónica Moles (Banco de España): ""Nuestro nuevo centro de innovación en Barcelona tiene el potencial de influir en el futuro de la economía de España"" - Tech Barcelona"
2025-05-08 07:00:00,Trade Republic: opiniones y análisis del bróker - El Economista
2025-04-26 07:00:00,Correos se queda sin un contrato clave al perder el servicio postal del Banco de España - The Objective
2025-04-09 07:00:00,El Banco de España explica cuánto dinero hay que tener guardado en casa - El Faro de Ceuta
2025-04-09 07:00:00,El Banco de España revisará a la baja la previsión de crecimiento de España por la guerra arancelaria - EL PAÍS
2025-04-13 07:00:00,¿Adiós a los billetes de 50 euros? El Banco de España advierte que es un bulo - La Razón
2025-04-30 07:00:00,Confirmado por el Banco de España: estos son los motivos por los que pueden bloquearte la cuenta - INFORMACION
2025-05-01 07:00:00,Mejores cuentas remuneradas sin comisiones de mayo 2025 - El Economista
2025-05-06 07:00:00,Nueva subasta de Letras del Tesoro: esta es la rentabilidad a 6 y 12 meses - 20Minutos
2025-03-10 07:00:00,BBVA lanza un servicio para operar con criptoactivos en España dirigido a particulares - El Economista
2025-03-10 07:00:00,BBVA ofrecerá bitcoins a particulares en España: un paso clave en la adopción de criptoactivos bajo el Reglamento MiCA - Universidad Pontificia Comillas
2025-04-03 07:00:00,"BBVA, primer banco en España que facilita el pago con Bizum en los TPV de los comercios - BBVA"
2025-01-17 08:00:00,Aprobado el nuevo proyecto básico para el uso museístico del Banco de España en Huelva - Junta de Andalucía
2025-01-20 08:00:00,Portal Institucional - Eurocaja Rural
2025-05-07 07:00:00,El Banco de España aclara si los billetes de 50 euros desaparecen en 2025 - Ideal
2025-03-11 07:00:00,Hasta el Banco de España de Escrivá tumba el SMI de Yolanda Díaz: detecta tres perniciosos efectos - Libre Mercado
2025-04-08 07:00:00,"El Banco de España no va a retirar los billetes de 50 euros, es un bulo - RTVE.es"
2025-01-15 08:00:00,El Banco de España ficha a una docena de firmas para reforzar su ciberseguridad - Expansión
2025-02-05 08:00:00,El Banco de España constata el empobrecimiento de las familias españolas a lo largo de dos décadas - El Economista
2025-03-10 07:00:00,BBVA ofrecerá servicios de compraventa y custodia de bitcoin y ether en España - BBVA
2025-02-20 08:00:00,La Fiscalía lleva al Supremo al Banco de España por no detallar los beneficios extra del sector - Cinco Días
2025-03-11 07:00:00,"El Banco de España eleva la previsión de crecimiento para este año al 2,7% pero advierte de la “extraordinaria incertidumbre” - EL PAÍS"
2025-03-25 10:00:47,Banco España | plazas para 25 expertos en IA ⚡️ - Tech Barcelona
2025-03-14 07:00:00,El Banco de España admite que el plan Milei funciona en Argentina: los recortes y la desregulación revolucionan la economía - El Economista
2025-03-10 07:00:00,BBVA obtiene el OK de la CNMV y prevé ofrecer criptomonedas en España en dos meses - ABC
2025-02-05 08:00:00,El Banco de España constata el empobrecimiento de las familias españolas entre 2002 y 2022 - RTVE.es
2025-03-16 07:00:00,Los dos informes del Banco de España que desenmascaran al Gobierno - Libre Mercado
2025-03-17 07:00:00,La Banca Privada de BBVA en España prevé alcanzar los 200.000 clientes en tres años - BBVA
2025-04-10 07:00:00,El Banco de España confirma la desaparición de EVO Banco - Finect
2025-03-18 07:00:00,El Banco de España autoriza a Trade Republic a operar como sucursal y a ofrecer cuentas corrientes - Cinco Días
2025-05-09 09:08:00,Habrá cierre masivo de cuentas bancarias en mayo para quienes no entreguen esta documentación - El Cronista
2025-01-29 08:00:00,La UJA expone en el edificio del Banco de España la muestra multisensorial ‘El Antiguo Egipto en tus manos’ - Diario Digital de la UJA
2025-03-28 07:00:00,"Banca Privada de BBVA, la mejor de España en soluciones digitales, según Euromoney - BBVA"
2025-03-25 07:00:00,Adiós a algunos billetes y monedas en 2025: el Banco de España confirma el cambio - OkDiario
2025-04-02 07:00:00,BBVA premia a los jóvenes becados en España - BBVA
2025-04-08 07:00:00,"El Banco de España ve ""incertidumbre máxima"" con los aranceles pero no prevé problemas de liquidez en los bancos - Telemadrid"
2025-03-12 07:00:00,El Banco de España atribuye al gasto público hasta el 40% del crecimiento del PIB - El Economista
2025-02-21 08:00:00,"BBVA, mejor banco para trabajar en España por tercer año consecutivo según Merco Talento - BBVA"
2025-04-07 07:00:00,El Banco de España desmiente los bulos sobre retiradas de billetes y aclara cuáles son los que elimina y por qué - Diario de Sevilla
2025-02-05 08:00:00,"La vivienda en propiedad y la riqueza neta se reduce en las generaciones más jóvenes, según Banco de España - EL PAÍS"
2025-03-18 07:00:00,Compañía Internacional convertirá el Banco de España de Soria en el Centro Nacional de la Fotografía - Heraldo-Diario de Soria
2025-04-07 07:00:00,"El Banco de España recomienda contar con un fondo de emergencia ""para gastos no planeados o sobresaltos&q - La Razón"
2025-02-14 08:00:00,BBVA permitirá por primera vez en España gestionar cuentas y tarjetas con IA a través de su asistente virtual - BBVA
2025-04-09 07:00:00,El Banco de España revisará a la baja la previsión de crecimiento por la guerra comercial - EFE Noticias
2024-11-18 08:00:00,España se adhiere al mecanismo comunitario de subastas como servicio del Banco Europeo del Hidrógeno para financiar proyectos de H2 - miteco.gob.es
2025-03-10 07:00:00,El BBVA ofrecerá servicios de compraventa y custodia de bitcoin y ether en España - Cinco Días
2025-03-11 07:00:00,"El Banco de España eleva la previsión de PIB al 2,7% pero no incluye el contexto geopolítico ni la subida arancelaria - El Economista"
2025-01-21 08:00:00,La Banca Privada de BBVA en España apuesta por la Bolsa y la renta fija europea en 2025 - BBVA
2025-02-20 08:00:00,La Fiscalía recurre al Supremo y pide que el Banco de España desvele los beneficios de los depósitos de la banca - elDiario.es
2025-03-26 07:00:00,El Banco de España anuncia la retirada de ciertos billetes y monedas en 2025: los cambios que se avecinan - Mundo Deportivo
2025-02-12 08:00:00,BBVA impulsa la educación financiera infantil en España con una promoción para su Cuenta Online para Menores - Funds Society
2025-02-05 08:00:00,Botín defiende la alta competencia en banca en España pese a la opa del BBVA al Sabadell - Cinco Días
2025-01-10 08:00:00,El Banco de España sanciona a la Sociedad de Tasación por incumplir las normas de valoración de vivienda - Cinco Días
2025-03-20 07:00:00,"El Sabadell advierte que la opa de BBVA ""pone en peligro el bienestar"" de España y pide claridad al Gobierno - RTVE.es"
2025-03-25 07:00:00,El dinero que tienes en el banco podría no estar seguro: el Banco de España lo explica y lo deja claro - OkDiario
2025-04-01 07:00:00,El Banco de España recibió 13 millones de euros en billetes deteriorados por la Dana - Valencia Plaza
2025-03-26 07:00:00,El Banco de España se gastará 58 millones para preparar la llegada del euro digital - The Objective
2025-04-07 07:00:00,El Banco de España desmiente que esté prevista la retirada de billetes de la circulación - Las Provincias
2025-01-24 08:00:00,"El Banco de España alerta de un malware capaz de ""capturar credenciales bancarias"". Su nombre: TrickMo - Xataka"
2025-02-26 08:00:00,BofA cree que el negocio de BBVA en España ya tiene buenas perspectivas sin la opa - 20Minutos
2025-04-03 07:00:00,El Banco de España lo hace oficial: adiós a estos billetes de 50 euros y qué hacer si los tienes en casa - OkDiario
2025-04-05 07:00:00,El Banco de España advierte: así se podrán reemplazar los billetes de 50 euros por defectos de seguridad - El Confidencial
2025-03-13 07:00:00,"BBVA Research eleva la previsión del PIB de España al 2,8% en 2025 - BBVA"
2025-03-10 07:00:00,Cómo abrir una cuenta del banco en España sin ser residente - El HuffPost
2025-03-11 07:00:00,El Banco de España eleva su previsión de PIB e inflación y espera más inversión en vivienda - Idealista
2025-04-04 07:00:00,El Banco de España está retirando los billetes de 10 euros y los puedes perder si no haces ésto - OkDiario
2024-12-11 14:51:52,Invertimos en créditos de carbono con BBVA - Anthesis Group
